forest-blue-pool.jpg,https://drive.google.com/uc?id=1bQ9CrVOXWqeQv75Fu9pFjzmDinLwmix8&export=download,https://lh3.googleusercontent.com/d/1bQ9CrVOXWqeQv75Fu9pFjzmDinLwmix8=w320?authuser=0,6737554
dark-sky.jpg,https://drive.google.com/uc?id=1ltLrflYUewD4U2fOwkdPHmjGekrNS2zJ&export=download,https://lh3.googleusercontent.com/d/1ltLrflYUewD4U2fOwkdPHmjGekrNS2zJ=w320?authuser=0,355475
green-shades.jpg,https://drive.google.com/uc?id=1ATSmlaYY7ZwZjzvgWmbbBrAscZaE4dfZ&export=download,https://lh3.googleusercontent.com/d/1ATSmlaYY7ZwZjzvgWmbbBrAscZaE4dfZ=w320?authuser=0,555928
circles-shade-red.jpg,https://drive.google.com/uc?id=1xP4vFryNoEUSDXB4zvwDl2R2BB-JBN14&export=download,https://lh3.googleusercontent.com/d/1xP4vFryNoEUSDXB4zvwDl2R2BB-JBN14=w320?authuser=0,424501
island-day.jpg,https://drive.google.com/uc?id=1cseXhJ8sS01quMcr7JecGN4Kf7IyY9X6&export=download,https://lh3.googleusercontent.com/d/1cseXhJ8sS01quMcr7JecGN4Kf7IyY9X6=w320?authuser=0,772907
island-sunny.jpg,https://drive.google.com/uc?id=1lXosUcLlKQwnK6MYODN9EQKOa6b5lDK7&export=download,https://lh3.googleusercontent.com/d/1lXosUcLlKQwnK6MYODN9EQKOa6b5lDK7=w320?authuser=0,822812
water-fall-pool-rocks.jpg,https://drive.google.com/uc?id=1qyVxm6Fz34XlhG1CuHiq7U_oieQcLfcC&export=download,https://lh3.googleusercontent.com/d/1qyVxm6Fz34XlhG1CuHiq7U_oieQcLfcC=w320?authuser=0,5479949
retro-big-city.jpg,https://drive.google.com/uc?id=11uSz_ZvHqin3y5YSF4bR9Cf6R385_lci&export=download,https://lh3.googleusercontent.com/d/11uSz_ZvHqin3y5YSF4bR9Cf6R385_lci=w320?authuser=0,1222004
gradient-dark-orange.jpg,https://drive.google.com/uc?id=1O-95DnjKD_eMPnMqPUK84LwqF_ggO_dO&export=download,https://lh3.googleusercontent.com/d/1O-95DnjKD_eMPnMqPUK84LwqF_ggO_dO=w320?authuser=0,232385
retro-road.jpg,https://drive.google.com/uc?id=1e8ee94Uwo4847ds4_zsU3JnozyNVNedK&export=download,https://lh3.googleusercontent.com/d/1e8ee94Uwo4847ds4_zsU3JnozyNVNedK=w320?authuser=0,1110405
retro-city.jpg,https://drive.google.com/uc?id=1ObVnMM2IplvTNe6Z_tgg_swd8Ks6b4Uw&export=download,https://lh3.googleusercontent.com/d/1ObVnMM2IplvTNe6Z_tgg_swd8Ks6b4Uw=w320?authuser=0,1069195
neon-sharp-shades.jpg,https://drive.google.com/uc?id=1hg2CgJEd_35e5KxtDVk81YLPIiasYwye&export=download,https://lh3.googleusercontent.com/d/1hg2CgJEd_35e5KxtDVk81YLPIiasYwye=w320?authuser=0,566072
gradient-blue-white.jpg,https://drive.google.com/uc?id=1aDnoAJC3A-q7_Vftyhrr41XbsvR8fp6M&export=download,https://lh3.googleusercontent.com/d/1aDnoAJC3A-q7_Vftyhrr41XbsvR8fp6M=w320?authuser=0,289531
gradient-colorful.jpg,https://drive.google.com/uc?id=1yfkb2LisyhpMiqke6fvLzZWK5h6-xNV4&export=download,https://lh3.googleusercontent.com/d/1yfkb2LisyhpMiqke6fvLzZWK5h6-xNV4=w320?authuser=0,197803
dark-desert.jpg,https://drive.google.com/uc?id=1QGo6v-9aoWImZ-833pG44AfPGyQFSfCu&export=download,https://lh3.googleusercontent.com/d/1QGo6v-9aoWImZ-833pG44AfPGyQFSfCu=w320?authuser=0,346577
white-city.jpg,https://drive.google.com/uc?id=1-ea-sDF3819zkl7w4EYPXadxrEm-FVzE&export=download,https://lh3.googleusercontent.com/d/1-ea-sDF3819zkl7w4EYPXadxrEm-FVzE=w320?authuser=0,716501
pinkish-mountains.jpg,https://drive.google.com/uc?id=1jLDIjDyIOAkrXP6K-HRl5PNvh-7eqhhV&export=download,https://lh3.googleusercontent.com/d/1jLDIjDyIOAkrXP6K-HRl5PNvh-7eqhhV=w320?authuser=0,772779
moon-birds.jpg,https://drive.google.com/uc?id=1czbrXTmpEGnG9VtofcPN99CluYdTNWpT&export=download,https://lh3.googleusercontent.com/d/1czbrXTmpEGnG9VtofcPN99CluYdTNWpT=w320?authuser=0,495305
madness.jpg,https://drive.google.com/uc?id=15bdrJTqgVWpAVmwIOy9qbeKhfDbQW7YJ&export=download,https://lh3.googleusercontent.com/d/15bdrJTqgVWpAVmwIOy9qbeKhfDbQW7YJ=w320?authuser=0,3870848
forest-mountain-birds-flying.jpg,https://drive.google.com/uc?id=1AwgZ5thsHOcQA846qnqRsOBfHo6qv5uA&export=download,https://lh3.googleusercontent.com/d/1AwgZ5thsHOcQA846qnqRsOBfHo6qv5uA=w320?authuser=0,1030860
beach-rocks-sea.jpg,https://drive.google.com/uc?id=1jLcgvjpTRtsNfnhe_d_bquBddTDeSCY3&export=download,https://lh3.googleusercontent.com/d/1jLcgvjpTRtsNfnhe_d_bquBddTDeSCY3=w320?authuser=0,1762371
aerial-rock-water.jpg,https://drive.google.com/uc?id=1LD9VoMSr1_FMRs-hpb9JlZDtUNWxRBe-&export=download,https://lh3.googleusercontent.com/d/1LD9VoMSr1_FMRs-hpb9JlZDtUNWxRBe-=w320?authuser=0,2077776
dracula-debian.png,https://drive.google.com/uc?id=1us1mhmCQhqSc4hbNGscvwdLdNJSu_XcN&export=download,https://lh3.googleusercontent.com/d/1us1mhmCQhqSc4hbNGscvwdLdNJSu_XcN=w320?authuser=0,380077
quiet-japanese.png,https://drive.google.com/uc?id=1sBHys4N9ic9gN0riuhRKdZloelK_Tnjd&export=download,https://lh3.googleusercontent.com/d/1sBHys4N9ic9gN0riuhRKdZloelK_Tnjd=w320?authuser=0,1973002
space.png,https://drive.google.com/uc?id=1IKyY-6L9tW9wQ9NPntSi_a65B6hLL1No&export=download,https://lh3.googleusercontent.com/d/1IKyY-6L9tW9wQ9NPntSi_a65B6hLL1No=w320?authuser=0,6779017
el-captain-rock-reflection.jpg,https://drive.google.com/uc?id=1bDBYmBqqPX-5Sh5ve_-ZhT2RKsbmVAOF&export=download,https://lh3.googleusercontent.com/d/1bDBYmBqqPX-5Sh5ve_-ZhT2RKsbmVAOF=w320?authuser=0,8104535
macos-big-sur-rocks-apple.jpg,https://drive.google.com/uc?id=1FbnYmrOlwnc_LkARrGK_p9lMZmwf90D6&export=download,https://lh3.googleusercontent.com/d/1FbnYmrOlwnc_LkARrGK_p9lMZmwf90D6=w320?authuser=0,1873423
surface-windows-10x-microsoft.jpg,https://drive.google.com/uc?id=1CYOGGxh8py_THb6rpWAYweq_y84R2afi&export=download,https://lh3.googleusercontent.com/d/1CYOGGxh8py_THb6rpWAYweq_y84R2afi=w320?authuser=0,1964190
ios-14-2-desert-peak-night.jpg,https://drive.google.com/uc?id=19uCR86YHIn2be7F24A2NgLwZ4KbQywQ7&export=download,https://lh3.googleusercontent.com/d/19uCR86YHIn2be7F24A2NgLwZ4KbQywQ7=w320?authuser=0,1206815
forest-green-light.jpg,https://drive.google.com/uc?id=1GNrw10E9vEjqmBhPBbcmnnvI1svmsUut&export=download,https://lh3.googleusercontent.com/d/1GNrw10E9vEjqmBhPBbcmnnvI1svmsUut=w320?authuser=0,3409008
tree-sunrise-fog.jpg,https://drive.google.com/uc?id=1iq0OScoddnX-Cm5cYCOs5XVobuVwd1_y&export=download,https://lh3.googleusercontent.com/d/1iq0OScoddnX-Cm5cYCOs5XVobuVwd1_y=w320?authuser=0,822867
nord-kitty.png,https://drive.google.com/uc?id=1YOKRkG05l4NjjpRtakY3njNZoS4WYCK3&export=download,https://lh3.googleusercontent.com/d/1YOKRkG05l4NjjpRtakY3njNZoS4WYCK3=w320?authuser=0,824289
anime-scenery.jpg,https://drive.google.com/uc?id=1IuV02Z3SVgCiQhuePSlJ3LEi7m5x4KXq&export=download,https://lh3.googleusercontent.com/d/1IuV02Z3SVgCiQhuePSlJ3LEi7m5x4KXq=w320?authuser=0,180389
girl-from-hell.png,https://drive.google.com/uc?id=1yFZsD3YIctmOzzFxiv_ArA7PRKWXcZma&export=download,https://lh3.googleusercontent.com/d/1yFZsD3YIctmOzzFxiv_ArA7PRKWXcZma=w320?authuser=0,2324822
tiger-glance-big-cat.jpg,https://drive.google.com/uc?id=1Z6sOdraQ6_0ebG79T7QgqTKkD35d9exg&export=download,https://lh3.googleusercontent.com/d/1Z6sOdraQ6_0ebG79T7QgqTKkD35d9exg=w320?authuser=0,4561200
london-street-at-christmas.jpg,https://drive.google.com/uc?id=1ZYKUjkC-Qczh1_jaJdhZcFQ488qQtKSC&export=download,https://lh3.googleusercontent.com/d/1ZYKUjkC-Qczh1_jaJdhZcFQ488qQtKSC=w320?authuser=0,421845
warm-macro.jpg,https://drive.google.com/uc?id=1a8AfpRh-KHgWVVzdJAPLDnwaFPtmmxWl&export=download,https://lh3.googleusercontent.com/d/1a8AfpRh-KHgWVVzdJAPLDnwaFPtmmxWl=w320?authuser=0,513624
dracula-ant.png,https://drive.google.com/uc?id=1EUWrR4nv2gS_XOqw9QKr3MhRfS_1wW2L&export=download,https://lh3.googleusercontent.com/d/1EUWrR4nv2gS_XOqw9QKr3MhRfS_1wW2L=w320?authuser=0,1476447
sadkitty.jpg,https://drive.google.com/uc?id=10_dnfN8aDViSayfShnkCI9ytigqVGZDW&export=download,https://lh3.googleusercontent.com/d/10_dnfN8aDViSayfShnkCI9ytigqVGZDW=w320?authuser=0,624287
big-ben-london-england.jpg,https://drive.google.com/uc?id=16OL757GhTT36BWydvYB845ryCmJJSjlZ&export=download,https://lh3.googleusercontent.com/d/16OL757GhTT36BWydvYB845ryCmJJSjlZ=w320?authuser=0,1160521
miami-skyscrapers-night-cityscapes.jpg,https://drive.google.com/uc?id=1n3yv7-rQQR2I9NW2YtC-4dgoJ-quCIJz&export=download,https://lh3.googleusercontent.com/d/1n3yv7-rQQR2I9NW2YtC-4dgoJ-quCIJz=w320?authuser=0,1526632
miami-florida-usa-downtown-sea-ocean-water-sky-clouds.jpg,https://drive.google.com/uc?id=1STnfIo8ALshKYVlJXNOGM3Hi7Ar37Kur&export=download,https://lh3.googleusercontent.com/d/1STnfIo8ALshKYVlJXNOGM3Hi7Ar37Kur=w320?authuser=0,2351435
flooded-apocalyptic.jpg,https://drive.google.com/uc?id=1jw73HSvy4tnZwjHWyhMRTLT-9r5AdhWP&export=download,https://lh3.googleusercontent.com/d/1jw73HSvy4tnZwjHWyhMRTLT-9r5AdhWP=w320?authuser=0,1160574
two-in-one-boat.jpg,https://drive.google.com/uc?id=1KgFpoyyGwCC_X_fSCIwdaaI6742MaL76&export=download,https://lh3.googleusercontent.com/d/1KgFpoyyGwCC_X_fSCIwdaaI6742MaL76=w320?authuser=0,1592103
pink-fantasy.jpg,https://drive.google.com/uc?id=1i01B9s9k1Oq2O19pptFvIBGx4k1hK_Ii&export=download,https://lh3.googleusercontent.com/d/1i01B9s9k1Oq2O19pptFvIBGx4k1hK_Ii=w320?authuser=0,1551391
bridge-huntsville-alabama-usa.jpg,https://drive.google.com/uc?id=1tRtwNruzrTkNYN3FVUAUFIes0Q2zoXii&export=download,https://lh3.googleusercontent.com/d/1tRtwNruzrTkNYN3FVUAUFIes0Q2zoXii=w320?authuser=0,10157219
lake-district-national-park-cumbria-england.jpg,https://drive.google.com/uc?id=13_DXOOMUrPGseICU4weAJCgdzxT1_9Cv&export=download,https://lh3.googleusercontent.com/d/13_DXOOMUrPGseICU4weAJCgdzxT1_9Cv=w320?authuser=0,1216195
forest-mist-munnar-kerala.jpg,https://drive.google.com/uc?id=1Nohqxtvs7CnIL4E5ynKno6sNob80qIot&export=download,https://lh3.googleusercontent.com/d/1Nohqxtvs7CnIL4E5ynKno6sNob80qIot=w320?authuser=0,2555857
macos-big-sur-rocks.jpg,https://drive.google.com/uc?id=1qIgdoCYGlofDZJ60U8e2lE_-jGSJVwwU&export=download,https://lh3.googleusercontent.com/d/1qIgdoCYGlofDZJ60U8e2lE_-jGSJVwwU=w320?authuser=0,5035555
dracula.png,https://drive.google.com/uc?id=1bO-Q5UVFjez3-VAbIAoSWJIl0-Jp83-H&export=download,https://lh3.googleusercontent.com/d/1bO-Q5UVFjez3-VAbIAoSWJIl0-Jp83-H=w320?authuser=0,348137
cat-window-nord.png,https://drive.google.com/uc?id=1qtrFmxYUwamcK5uScNyn-sL0XK5qk-xm&export=download,https://lh3.googleusercontent.com/d/1qtrFmxYUwamcK5uScNyn-sL0XK5qk-xm=w320?authuser=0,40000
pastel-colorful.png,https://drive.google.com/uc?id=1dbjWOYa_8M81zs8hfWvJeMjt87sP1Y5D&export=download,https://lh3.googleusercontent.com/d/1dbjWOYa_8M81zs8hfWvJeMjt87sP1Y5D=w320?authuser=0,1528381
the-neon-shallows.png,https://drive.google.com/uc?id=11wIZ8yojD0GzxzbaClngQRY7s73k0hvv&export=download,https://lh3.googleusercontent.com/d/11wIZ8yojD0GzxzbaClngQRY7s73k0hvv=w320?authuser=0,10812816
sunset-in-the-lake.png,https://drive.google.com/uc?id=1FZEKtUx_JhncVhC9JZNamipjuhcS8iPw&export=download,https://lh3.googleusercontent.com/d/1FZEKtUx_JhncVhC9JZNamipjuhcS8iPw=w320?authuser=0,22791
IronMan.png,https://drive.google.com/uc?id=1_yfLYricffoKyLl1iKuEn4wIrKh-MqCy&export=download,https://lh3.googleusercontent.com/d/1_yfLYricffoKyLl1iKuEn4wIrKh-MqCy=w320?authuser=0,29485
the-neon-shallows-nord.jpg,https://drive.google.com/uc?id=1NrRKL48ghxKcAZVlGDjO_bd8_l8gt4rl&export=download,https://lh3.googleusercontent.com/d/1NrRKL48ghxKcAZVlGDjO_bd8_l8gt4rl=w320?authuser=0,142565
Akashi-pastel.jpg,https://drive.google.com/uc?id=1Ae3stu28L8fb6nt5xj8P5lPfqA3LgZRd&export=download,https://lh3.googleusercontent.com/d/1Ae3stu28L8fb6nt5xj8P5lPfqA3LgZRd=w320?authuser=0,1302172
planet-earth-dark-scifi.jpg,https://drive.google.com/uc?id=1iLR_qqgJdUNvbLI0eKrV3XTYr2QgDB-0&export=download,https://lh3.googleusercontent.com/d/1iLR_qqgJdUNvbLI0eKrV3XTYr2QgDB-0=w320?authuser=0,1840200
game-of-thrones-white-walker-dragon.jpg,https://drive.google.com/uc?id=1TpW4xi1p_p20qavd0oIWEKViEI-kjygy&export=download,https://lh3.googleusercontent.com/d/1TpW4xi1p_p20qavd0oIWEKViEI-kjygy=w320?authuser=0,912989
samurai-girl-rain.jpg,https://drive.google.com/uc?id=1jRBjAMUNOlpcFioXHe4iBH2IrsraeUz4&export=download,https://lh3.googleusercontent.com/d/1jRBjAMUNOlpcFioXHe4iBH2IrsraeUz4=w320?authuser=0,345312
game-of-thrones-night-king-horse-walkers.jpg,https://drive.google.com/uc?id=1ElY0C4T9NQ7ReTSLcqyl7IsyL2lb3g_S&export=download,https://lh3.googleusercontent.com/d/1ElY0C4T9NQ7ReTSLcqyl7IsyL2lb3g_S=w320?authuser=0,619802
game-of-thrones-stark-wolf.png,https://drive.google.com/uc?id=15kWM7A4B7W-CFlk4lR1Fq0o6Y1Slawxh&export=download,https://lh3.googleusercontent.com/d/15kWM7A4B7W-CFlk4lR1Fq0o6Y1Slawxh=w320?authuser=0,6233697
game-of-thrones-battle-of-dragons.jpg,https://drive.google.com/uc?id=1FHK9jDuujYVxyUhcI007PsVJUxqsXyxj&export=download,https://lh3.googleusercontent.com/d/1FHK9jDuujYVxyUhcI007PsVJUxqsXyxj=w320?authuser=0,1669176
game-of-thrones-winter-is-coming-map-wolf.jpg,https://drive.google.com/uc?id=1od5NQRwz47r5Zg6WeNyvNVym_yUVGkAp&export=download,https://lh3.googleusercontent.com/d/1od5NQRwz47r5Zg6WeNyvNVym_yUVGkAp=w320?authuser=0,426878
game-of-thrones-daenerys-targaryen-vs-night-king.png,https://drive.google.com/uc?id=1nqg1hbcoT1tLLBbsS2aUfAacbOIdeEIC&export=download,https://lh3.googleusercontent.com/d/1nqg1hbcoT1tLLBbsS2aUfAacbOIdeEIC=w320?authuser=0,8850921
game-of-thrones-dragon-eye.jpg,https://drive.google.com/uc?id=1G1j-_OTnmtgMJ_UjE3mmTeqv4U5_jHfq&export=download,https://lh3.googleusercontent.com/d/1G1j-_OTnmtgMJ_UjE3mmTeqv4U5_jHfq=w320?authuser=0,384247
game-of-thrones-night-king-dragon-art.jpg,https://drive.google.com/uc?id=10sTwsnHAL9TD6rcVQmZDEgex7BEFWhtL&export=download,https://lh3.googleusercontent.com/d/10sTwsnHAL9TD6rcVQmZDEgex7BEFWhtL=w320?authuser=0,821219
game-of-thrones-night-king-dragon.png,https://drive.google.com/uc?id=1r-CgxWyQkB7j0BMrs-hvXC5S3gQa-xmg&export=download,https://lh3.googleusercontent.com/d/1r-CgxWyQkB7j0BMrs-hvXC5S3gQa-xmg=w320?authuser=0,4553498
game-of-thrones-watch-begins.jpg,https://drive.google.com/uc?id=1erf3EAju0A-bCaMrYOP5aNxPPajMGcP8&export=download,https://lh3.googleusercontent.com/d/1erf3EAju0A-bCaMrYOP5aNxPPajMGcP8=w320?authuser=0,161477
game-of-thrones-the-night-king.jpg,https://drive.google.com/uc?id=1Ky_NkELbonCWMI1nduZ4E2VXdjQ6WElL&export=download,https://lh3.googleusercontent.com/d/1Ky_NkELbonCWMI1nduZ4E2VXdjQ6WElL=w320?authuser=0,770275
juneau-alaska-ocean-sky.jpg,https://drive.google.com/uc?id=1xD4NV7qigKzp1pzp4VLD2fk6BKBuL06A&export=download,https://lh3.googleusercontent.com/d/1xD4NV7qigKzp1pzp4VLD2fk6BKBuL06A=w320?authuser=0,399774
antarctica-iceberg-ocean.jpg,https://drive.google.com/uc?id=1Y0GuyJAHMzDux0sUjhTujextUzxC_5Ag&export=download,https://lh3.googleusercontent.com/d/1Y0GuyJAHMzDux0sUjhTujextUzxC_5Ag=w320?authuser=0,1514549
tiger-sleeping.jpg,https://drive.google.com/uc?id=1wd-UA8nLg0UDbfUBJZ5ELa3Jac-z3XOl&export=download,https://lh3.googleusercontent.com/d/1wd-UA8nLg0UDbfUBJZ5ELa3Jac-z3XOl=w320?authuser=0,2928565
lion-roaring.jpg,https://drive.google.com/uc?id=12taJkG83qCklbb1Ejrv-duJPPpwhGUA7&export=download,https://lh3.googleusercontent.com/d/12taJkG83qCklbb1Ejrv-duJPPpwhGUA7=w320?authuser=0,1090690
girl-art-lamp.png,https://drive.google.com/uc?id=1reUja9B-hinMRbftcMZNjdlLl5DyWeJk&export=download,https://lh3.googleusercontent.com/d/1reUja9B-hinMRbftcMZNjdlLl5DyWeJk=w320?authuser=0,2290238
retrowave-city-orange.jpg,https://drive.google.com/uc?id=1ldSBhP_n3k3_3orcR6nMWv-Oo1nVV-Bu&export=download,https://lh3.googleusercontent.com/d/1ldSBhP_n3k3_3orcR6nMWv-Oo1nVV-Bu=w320?authuser=0,2746596
the-book-of-unwritten-tales-the-critter-chronicles.jpg,https://drive.google.com/uc?id=1sw79yY4PSI9Aa1ebaEMqVxnVAkHY90ux&export=download,https://lh3.googleusercontent.com/d/1sw79yY4PSI9Aa1ebaEMqVxnVAkHY90ux=w320?authuser=0,1585505
lion-art-mane.jpg,https://drive.google.com/uc?id=1PmiHW9qMeNmYW7z3rx0LIMbMdtoWMr-h&export=download,https://lh3.googleusercontent.com/d/1PmiHW9qMeNmYW7z3rx0LIMbMdtoWMr-h=w320?authuser=0,7522846
silhouette-city-buildings-lamps.jpg,https://drive.google.com/uc?id=1YbhYOsLSpOjOtvIjP1FFC4TDab7xAans&export=download,https://lh3.googleusercontent.com/d/1YbhYOsLSpOjOtvIjP1FFC4TDab7xAans=w320?authuser=0,439780
river-home-art.jpg,https://drive.google.com/uc?id=1d3ZVahxh_LDlWCqsPFHwOIGZ3yfjcfkh&export=download,https://lh3.googleusercontent.com/d/1d3ZVahxh_LDlWCqsPFHwOIGZ3yfjcfkh=w320?authuser=0,7771307
sunset-beach-palm-trees.jpg,https://drive.google.com/uc?id=13-NclvsjVuk1Yl6YjCPjHslXQeoAEyPF&export=download,https://lh3.googleusercontent.com/d/13-NclvsjVuk1Yl6YjCPjHslXQeoAEyPF=w320?authuser=0,1247432
tiger-cute-rain.jpg,https://drive.google.com/uc?id=1glGbVOx0n1QWFpVaDM1eTG073-sNw9rg&export=download,https://lh3.googleusercontent.com/d/1glGbVOx0n1QWFpVaDM1eTG073-sNw9rg=w320?authuser=0,1277475
colorful-space-art.jpg,https://drive.google.com/uc?id=1QjRdnfepXL323lbkWYVIbfVbl7RYu4nX&export=download,https://lh3.googleusercontent.com/d/1QjRdnfepXL323lbkWYVIbfVbl7RYu4nX=w320?authuser=0,3056913
astronaut-digital-art.jpg,https://drive.google.com/uc?id=1lrDqmiyDdcOtQ2IRhYnqoQ1gZmIov4sx&export=download,https://lh3.googleusercontent.com/d/1lrDqmiyDdcOtQ2IRhYnqoQ1gZmIov4sx=w320?authuser=0,4309524
planetary-system.jpg,https://drive.google.com/uc?id=16F-53s759VgtGeVwOiLOBm3vP_iwd8yM&export=download,https://lh3.googleusercontent.com/d/16F-53s759VgtGeVwOiLOBm3vP_iwd8yM=w320?authuser=0,2048005
fourth-dimension.png,https://drive.google.com/uc?id=1cWC8M7L3QfxbogXq2yJwpRhN7i1TELuV&export=download,https://lh3.googleusercontent.com/d/1cWC8M7L3QfxbogXq2yJwpRhN7i1TELuV=w320?authuser=0,3144768
fantasy-digital-painting-artwork.jpg,https://drive.google.com/uc?id=1zg7VAiSdR1xjfN_DG4JQFImHsOAhFWO1&export=download,https://lh3.googleusercontent.com/d/1zg7VAiSdR1xjfN_DG4JQFImHsOAhFWO1=w320?authuser=0,1953788
samurai-warrior.jpg,https://drive.google.com/uc?id=1z5T_BJlP5ivYX-ohpev8s87yc_GBYPFh&export=download,https://lh3.googleusercontent.com/d/1z5T_BJlP5ivYX-ohpev8s87yc_GBYPFh=w320?authuser=0,630923
Tobolsk-Russia.jpg,https://drive.google.com/uc?id=1zqpaquWY1DVyIdBS-047Mdl_fxqNvQzk&export=download,https://lh3.googleusercontent.com/d/1zqpaquWY1DVyIdBS-047Mdl_fxqNvQzk=w320?authuser=0,1121767
tiger-cub-art.jpg,https://drive.google.com/uc?id=1zW5kDx4q_WbxHHi4o3Rs6l64N3hQ54IW&export=download,https://lh3.googleusercontent.com/d/1zW5kDx4q_WbxHHi4o3Rs6l64N3hQ54IW=w320?authuser=0,1441188
river-dreamland-town.jpg,https://drive.google.com/uc?id=1FgLRFqBa9qQRowpfiGmvB235Y9rR9mKq&export=download,https://lh3.googleusercontent.com/d/1FgLRFqBa9qQRowpfiGmvB235Y9rR9mKq=w320?authuser=0,821848
sea-rock-plants.jpg,https://drive.google.com/uc?id=14jLdrmR6GqyvKabVOLB7Dj0Ic4FiVAUy&export=download,https://lh3.googleusercontent.com/d/14jLdrmR6GqyvKabVOLB7Dj0Ic4FiVAUy=w320?authuser=0,1925635
path-forest-wooden.jpg,https://drive.google.com/uc?id=1i0Cfoho1WA35yHRB6axIQbyQc1GP0kqG&export=download,https://lh3.googleusercontent.com/d/1i0Cfoho1WA35yHRB6axIQbyQc1GP0kqG=w320?authuser=0,2046240
buildings-facade-skyscrapers.jpg,https://drive.google.com/uc?id=1DuBmD2nu0YJ2ISZ8dnUNo-NDqE-CV4UD&export=download,https://lh3.googleusercontent.com/d/1DuBmD2nu0YJ2ISZ8dnUNo-NDqE-CV4UD=w320?authuser=0,1413188
road-marking-bushes.jpg,https://drive.google.com/uc?id=1qq8b05yJ78XZkGed7X4g2OaCuHr7iYeA&export=download,https://lh3.googleusercontent.com/d/1qq8b05yJ78XZkGed7X4g2OaCuHr7iYeA=w320?authuser=0,1002079
road-forest-marking.jpg,https://drive.google.com/uc?id=1A9OwAhML8KngJb0MH5twNeX7h13-ksjX&export=download,https://lh3.googleusercontent.com/d/1A9OwAhML8KngJb0MH5twNeX7h13-ksjX=w320?authuser=0,2646786
road-marking-forest.jpg,https://drive.google.com/uc?id=1Gk2vL-H9wLqo79iVpDZMG0sJjYlaQOCC&export=download,https://lh3.googleusercontent.com/d/1Gk2vL-H9wLqo79iVpDZMG0sJjYlaQOCC=w320?authuser=0,1368983
rocks-lake-landscape.jpg,https://drive.google.com/uc?id=15dZPBswmk1XTF4PGc9isPwJr44COl7Lq&export=download,https://lh3.googleusercontent.com/d/15dZPBswmk1XTF4PGc9isPwJr44COl7Lq=w320?authuser=0,2489813
forest-pine-path.jpg,https://drive.google.com/uc?id=15f5OigJjFDLcEzT1dxTuter7_-LGIkAw&export=download,https://lh3.googleusercontent.com/d/15f5OigJjFDLcEzT1dxTuter7_-LGIkAw=w320?authuser=0,1853397
road-mountains-peaks.jpg,https://drive.google.com/uc?id=1l1y2NWE_eh9-lk_aH9h9y5U3QQMeDrqE&export=download,https://lh3.googleusercontent.com/d/1l1y2NWE_eh9-lk_aH9h9y5U3QQMeDrqE=w320?authuser=0,1414102
house-building-forest.jpg,https://drive.google.com/uc?id=1o0uVKChfxOz1-13NAXJb0453dYHEX58Z&export=download,https://lh3.googleusercontent.com/d/1o0uVKChfxOz1-13NAXJb0453dYHEX58Z=w320?authuser=0,1524909
house-mountains-landscape.jpg,https://drive.google.com/uc?id=1Ub7lUui4gWwRpw_yFhsD_V4UlJdZZtlb&export=download,https://lh3.googleusercontent.com/d/1Ub7lUui4gWwRpw_yFhsD_V4UlJdZZtlb=w320?authuser=0,1796283
house-light-windows-winter-snowdrifts-logs.jpg,https://drive.google.com/uc?id=1MKNDhslE_x9I18syXfkdj13QvIzNb4Mt&export=download,https://lh3.googleusercontent.com/d/1MKNDhslE_x9I18syXfkdj13QvIzNb4Mt=w320?authuser=0,928236
road-marking-desert.jpg,https://drive.google.com/uc?id=15NX6KXHfs28LWaAKQ00zYpGo1psQlxjf&export=download,https://lh3.googleusercontent.com/d/15NX6KXHfs28LWaAKQ00zYpGo1psQlxjf=w320?authuser=0,1393482
road-marking-prairies.jpg,https://drive.google.com/uc?id=1mNArTMKe-F1NrzGkXDQm5ed-O7X-hxZm&export=download,https://lh3.googleusercontent.com/d/1mNArTMKe-F1NrzGkXDQm5ed-O7X-hxZm=w320?authuser=0,1245320
mountains-rocks-landscape.jpg,https://drive.google.com/uc?id=10mesQdElZmKRhHu8zce3sotIDN8AEdyA&export=download,https://lh3.googleusercontent.com/d/10mesQdElZmKRhHu8zce3sotIDN8AEdyA=w320?authuser=0,840696
mountains-coast-stones.jpg,https://drive.google.com/uc?id=1wOrxYg3qfFW89ZUfcIovq11qKkGOyIhO&export=download,https://lh3.googleusercontent.com/d/1wOrxYg3qfFW89ZUfcIovq11qKkGOyIhO=w320?authuser=0,1377357
forest-path-spruce.jpg,https://drive.google.com/uc?id=1oBCej5sHsP3jy4inkZiSe7OCMXbtS7uA&export=download,https://lh3.googleusercontent.com/d/1oBCej5sHsP3jy4inkZiSe7OCMXbtS7uA=w320?authuser=0,1325341
mountains-peaks-rocks.jpg,https://drive.google.com/uc?id=1QYIvcdJjhbgztdVIwYgB9dDoF4s71qrW&export=download,https://lh3.googleusercontent.com/d/1QYIvcdJjhbgztdVIwYgB9dDoF4s71qrW=w320?authuser=0,534841
river-forest-trees.jpg,https://drive.google.com/uc?id=1_0AtOqxCX0QlizpwerWgyEVAszU86l1u&export=download,https://lh3.googleusercontent.com/d/1_0AtOqxCX0QlizpwerWgyEVAszU86l1u=w320?authuser=0,2176603
rocks-stones-coast.jpg,https://drive.google.com/uc?id=1y30cK7lnXGq-s0cJlahAdP6j4Jr-NIpk&export=download,https://lh3.googleusercontent.com/d/1y30cK7lnXGq-s0cJlahAdP6j4Jr-NIpk=w320?authuser=0,1700637
rocks-surf-sea.jpg,https://drive.google.com/uc?id=1bNhhtYsBLFuvYTNKDNXM5Gl5DaoKlEqf&export=download,https://lh3.googleusercontent.com/d/1bNhhtYsBLFuvYTNKDNXM5Gl5DaoKlEqf=w320?authuser=0,2040775
road-marking-trees.jpg,https://drive.google.com/uc?id=1-I28iGfpLxvrPq5jBjMIA0zPwXdC61-9&export=download,https://lh3.googleusercontent.com/d/1-I28iGfpLxvrPq5jBjMIA0zPwXdC61-9=w320?authuser=0,1523738
forest-trees-path.jpg,https://drive.google.com/uc?id=1j3YViHtd6e7O7bigmgIXQsTcRhkA2qM2&export=download,https://lh3.googleusercontent.com/d/1j3YViHtd6e7O7bigmgIXQsTcRhkA2qM2=w320?authuser=0,1194582
road-trees-forest.jpg,https://drive.google.com/uc?id=1RAWEMEnMX3QqbQqUWycDWIBQhRG-tA8J&export=download,https://lh3.googleusercontent.com/d/1RAWEMEnMX3QqbQqUWycDWIBQhRG-tA8J=w320?authuser=0,2060005
hut-water-slope.jpg,https://drive.google.com/uc?id=16dkusiDZ9p6zVMTml88s6DcMT78sFgjI&export=download,https://lh3.googleusercontent.com/d/16dkusiDZ9p6zVMTml88s6DcMT78sFgjI=w320?authuser=0,483949
forest-river-bridge.jpg,https://drive.google.com/uc?id=1bcjf905YEf9uzOpijvQ74H52iCWGEn2J&export=download,https://lh3.googleusercontent.com/d/1bcjf905YEf9uzOpijvQ74H52iCWGEn2J=w320?authuser=0,2275059
waterfall-cliff-plants.jpg,https://drive.google.com/uc?id=1khUHGx2bFluvidDz_i077l9U3g7Dcvfe&export=download,https://lh3.googleusercontent.com/d/1khUHGx2bFluvidDz_i077l9U3g7Dcvfe=w320?authuser=0,1315409
minimalist-planets.jpg,https://drive.google.com/uc?id=10J36z-b5XrESC-I9Xpj0Z9Pcorz_Wk7z&export=download,https://lh3.googleusercontent.com/d/10J36z-b5XrESC-I9Xpj0Z9Pcorz_Wk7z=w320?authuser=0,1535390
painting-girl-rain-umbrella.png,https://drive.google.com/uc?id=1E1_jK69btH27Oq9eouZPZQSKpt4mcpAD&export=download,https://lh3.googleusercontent.com/d/1E1_jK69btH27Oq9eouZPZQSKpt4mcpAD=w320?authuser=0,6395694
vaporwave.png,https://drive.google.com/uc?id=1agIJqpJouv0QmvRyGZ2zm5oyfUnln4H4&export=download,https://lh3.googleusercontent.com/d/1agIJqpJouv0QmvRyGZ2zm5oyfUnln4H4=w320?authuser=0,2417337
samurai-girl.jpg,https://drive.google.com/uc?id=1d32ZfyTHqj7g30gPDjp9Fbc5A74aC9oh&export=download,https://lh3.googleusercontent.com/d/1d32ZfyTHqj7g30gPDjp9Fbc5A74aC9oh=w320?authuser=0,234627
desert-overlooking-sea.jpg,https://drive.google.com/uc?id=1MWoFNxzCuVhfhdHag-RvRRgfQCOUWUlC&export=download,https://lh3.googleusercontent.com/d/1MWoFNxzCuVhfhdHag-RvRRgfQCOUWUlC=w320?authuser=0,506014
samurai-girl-tattoo.jpg,https://drive.google.com/uc?id=1JP9SGRV0jrh5L0fqwKN8VCqLogXHD4ie&export=download,https://lh3.googleusercontent.com/d/1JP9SGRV0jrh5L0fqwKN8VCqLogXHD4ie=w320?authuser=0,213020
cybernetic-city.png,https://drive.google.com/uc?id=1YI_duOiIH77bmW7GmsskrMQ8cQ0OrG8q&export=download,https://lh3.googleusercontent.com/d/1YI_duOiIH77bmW7GmsskrMQ8cQ0OrG8q=w320?authuser=0,18343868
rock-cliff-sea.jpg,https://drive.google.com/uc?id=1ZzjmtcrXCjB4x_awqXcK4rCkx5k1Ww-h&export=download,https://lh3.googleusercontent.com/d/1ZzjmtcrXCjB4x_awqXcK4rCkx5k1Ww-h=w320?authuser=0,1992922
rock-waves-sea.jpg,https://drive.google.com/uc?id=13_mp2aHc2nHs3UgEjLtpERsJUlxLC2Y_&export=download,https://lh3.googleusercontent.com/d/13_mp2aHc2nHs3UgEjLtpERsJUlxLC2Y_=w320?authuser=0,1127538
rock-road-cliff.jpg,https://drive.google.com/uc?id=1qlZXUovnYYCbDpo7BZPTk5PjKDXu5GVv&export=download,https://lh3.googleusercontent.com/d/1qlZXUovnYYCbDpo7BZPTk5PjKDXu5GVv=w320?authuser=0,1400167
mountain-peak-spruce.jpg,https://drive.google.com/uc?id=1SXfOfamfpthAPabJeW8-exUinyTs6rxK&export=download,https://lh3.googleusercontent.com/d/1SXfOfamfpthAPabJeW8-exUinyTs6rxK=w320?authuser=0,369037
mountain-peak-clouds-trees.jpg,https://drive.google.com/uc?id=1DH4mlrIvsAZU-8KmwUm9aXj4cKtSzo15&export=download,https://lh3.googleusercontent.com/d/1DH4mlrIvsAZU-8KmwUm9aXj4cKtSzo15=w320?authuser=0,402237
mountain-peak-clouds.jpg,https://drive.google.com/uc?id=17aVE_eCq9MpHtwi4ltXXjZeUmDLcp-A1&export=download,https://lh3.googleusercontent.com/d/17aVE_eCq9MpHtwi4ltXXjZeUmDLcp-A1=w320?authuser=0,1804379
mountain-peak-trees.jpg,https://drive.google.com/uc?id=1duDoiCl03dynDmvIUo7pF9HCu5IXwmG_&export=download,https://lh3.googleusercontent.com/d/1duDoiCl03dynDmvIUo7pF9HCu5IXwmG_=w320?authuser=0,1519908
coast-city-cityscape.jpg,https://drive.google.com/uc?id=186RYRxtgoAy7QIR2sl9eUZu2MOzfQAe7&export=download,https://lh3.googleusercontent.com/d/186RYRxtgoAy7QIR2sl9eUZu2MOzfQAe7=w320?authuser=0,1164957
coast-mountains-buildings-fog.jpg,https://drive.google.com/uc?id=13-7AGd1rhykzPWLMBEXV1p0LFMpbHrUQ&export=download,https://lh3.googleusercontent.com/d/13-7AGd1rhykzPWLMBEXV1p0LFMpbHrUQ=w320?authuser=0,790066
coast-road-sea.jpg,https://drive.google.com/uc?id=1lSTLmT7pzrI5wJPjncrJ6KRQ3aYuW5gm&export=download,https://lh3.googleusercontent.com/d/1lSTLmT7pzrI5wJPjncrJ6KRQ3aYuW5gm=w320?authuser=0,1442267
coast-sea-rock.jpg,https://drive.google.com/uc?id=1JgYX1yM2lwNufKx_ZRi0daNKeuHt5ATq&export=download,https://lh3.googleusercontent.com/d/1JgYX1yM2lwNufKx_ZRi0daNKeuHt5ATq=w320?authuser=0,1491128
coast-sea-cliff.jpg,https://drive.google.com/uc?id=1i4sn9YZvGC4oQPCUZWbZxrsDhW6SKXd4&export=download,https://lh3.googleusercontent.com/d/1i4sn9YZvGC4oQPCUZWbZxrsDhW6SKXd4=w320?authuser=0,2111578
coast-rocks-aerial-view.jpg,https://drive.google.com/uc?id=1-UFH2dsb8z5R59DaDyzex7qlldOCOtEO&export=download,https://lh3.googleusercontent.com/d/1-UFH2dsb8z5R59DaDyzex7qlldOCOtEO=w320?authuser=0,2362135
coast-rocks-sea.jpg,https://drive.google.com/uc?id=1UusLTt_RNlqFMSs5lyiddBlYZOIFQnum&export=download,https://lh3.googleusercontent.com/d/1UusLTt_RNlqFMSs5lyiddBlYZOIFQnum=w320?authuser=0,1666706
coast-beach-rock.jpg,https://drive.google.com/uc?id=1rlQWjukMC6Vz5eNLseArlABLSQjyqQ__&export=download,https://lh3.googleusercontent.com/d/1rlQWjukMC6Vz5eNLseArlABLSQjyqQ__=w320?authuser=0,2041628
road-marking-fog.jpg,https://drive.google.com/uc?id=1xCAFe2byzSwHpfGOiSIaSxKzOb2nfRME&export=download,https://lh3.googleusercontent.com/d/1xCAFe2byzSwHpfGOiSIaSxKzOb2nfRME=w320?authuser=0,926622
road-fog-marking.jpg,https://drive.google.com/uc?id=1Aw9CMcaziZRlij5ZgShqFevKTEinH8bu&export=download,https://lh3.googleusercontent.com/d/1Aw9CMcaziZRlij5ZgShqFevKTEinH8bu=w320?authuser=0,1270828
mountains-peaks-snow.jpg,https://drive.google.com/uc?id=1zTX3LZfTnbGvos-pS3kXcIe35-UdofhH&export=download,https://lh3.googleusercontent.com/d/1zTX3LZfTnbGvos-pS3kXcIe35-UdofhH=w320?authuser=0,219301
corals-algae-underwater-world.jpg,https://drive.google.com/uc?id=1tFrXPCq57aHj94p7agabDzRIATm7xPUb&export=download,https://lh3.googleusercontent.com/d/1tFrXPCq57aHj94p7agabDzRIATm7xPUb=w320?authuser=0,592864
rocks-fantasy-moon.jpg,https://drive.google.com/uc?id=1qAgIfbRFkUplbdo-XSmWvM7SGmeeAxL0&export=download,https://lh3.googleusercontent.com/d/1qAgIfbRFkUplbdo-XSmWvM7SGmeeAxL0=w320?authuser=0,131292
mountains-lake-rocks.jpg,https://drive.google.com/uc?id=1HEeanPfwOYcSnWp9kuMCoBHTAPjlTqKR&export=download,https://lh3.googleusercontent.com/d/1HEeanPfwOYcSnWp9kuMCoBHTAPjlTqKR=w320?authuser=0,1766657
algae-water-glare.jpg,https://drive.google.com/uc?id=14d2foPLaWfgC1VHHNj0_d0p4uHSUbNvh&export=download,https://lh3.googleusercontent.com/d/14d2foPLaWfgC1VHHNj0_d0p4uHSUbNvh=w320?authuser=0,2360426
Mountain-Night.jpg,https://drive.google.com/uc?id=1tPP-c2JCfBWPLqPy0CchZJb5yZDiMOrk&export=download,https://lh3.googleusercontent.com/d/1tPP-c2JCfBWPLqPy0CchZJb5yZDiMOrk=w320?authuser=0,8345398
Mountain-Day.jpg,https://drive.google.com/uc?id=1821l1B3C-Ta_V5GkaYPMrEJQk2tv_p2I&export=download,https://lh3.googleusercontent.com/d/1821l1B3C-Ta_V5GkaYPMrEJQk2tv_p2I=w320?authuser=0,10541451
Island-Dusk2.jpg,https://drive.google.com/uc?id=1389WiITZJxwtSYzamU5Asd4fGfquyC31&export=download,https://lh3.googleusercontent.com/d/1389WiITZJxwtSYzamU5Asd4fGfquyC31=w320?authuser=0,3476880
Island-Night.jpg,https://drive.google.com/uc?id=1D09FuaoRI0igQO158P7kwdntBanwpcMd&export=download,https://lh3.googleusercontent.com/d/1D09FuaoRI0igQO158P7kwdntBanwpcMd=w320?authuser=0,2651504
Island-Day.jpg,https://drive.google.com/uc?id=1-eB0GvS9SzH_Sm8WjedzNi9mJQk4eraK&export=download,https://lh3.googleusercontent.com/d/1-eB0GvS9SzH_Sm8WjedzNi9mJQk4eraK=w320?authuser=0,3663701
Island-Dusk.jpg,https://drive.google.com/uc?id=1fdENBl-CtTFiYfowBuDB4OeOHwZ-FMdp&export=download,https://lh3.googleusercontent.com/d/1fdENBl-CtTFiYfowBuDB4OeOHwZ-FMdp=w320?authuser=0,3274041
Village-Dusk.jpg,https://drive.google.com/uc?id=1j4cqFx7KixMUzAW5SeoxYUWYP7PAM8Yq&export=download,https://lh3.googleusercontent.com/d/1j4cqFx7KixMUzAW5SeoxYUWYP7PAM8Yq=w320?authuser=0,5192551
Village-Night.jpg,https://drive.google.com/uc?id=14SU91nYlyXgFuW6cNhoAwk49GYXcsdRJ&export=download,https://lh3.googleusercontent.com/d/14SU91nYlyXgFuW6cNhoAwk49GYXcsdRJ=w320?authuser=0,4610800
Village-Dusk2.jpg,https://drive.google.com/uc?id=1mmaavhcJII0lx6mHIewuQfPyRQOHrjVO&export=download,https://lh3.googleusercontent.com/d/1mmaavhcJII0lx6mHIewuQfPyRQOHrjVO=w320?authuser=0,3958952
Village-Day.jpg,https://drive.google.com/uc?id=151uZk_79rVCXnuCMzhjYS-ziL3HljKxX&export=download,https://lh3.googleusercontent.com/d/151uZk_79rVCXnuCMzhjYS-ziL3HljKxX=w320?authuser=0,5022662
Mojave-Day.jpg,https://drive.google.com/uc?id=1a6qzBBB5BsxRKrQ9yL6OADVtUVsyP3F9&export=download,https://lh3.googleusercontent.com/d/1a6qzBBB5BsxRKrQ9yL6OADVtUVsyP3F9=w320?authuser=0,1099434
Mojave-Night.jpg,https://drive.google.com/uc?id=1yQ91Jjye1upxPTykzU4uhHqKTCx7dYTg&export=download,https://lh3.googleusercontent.com/d/1yQ91Jjye1upxPTykzU4uhHqKTCx7dYTg=w320?authuser=0,1113000
naruto-vs-momoshiki.jpg,https://drive.google.com/uc?id=1pCpaLHULOV6NC-yDD527AV2Iafl5jWSy&export=download,https://lh3.googleusercontent.com/d/1pCpaLHULOV6NC-yDD527AV2Iafl5jWSy=w320?authuser=0,540761
naruto-sasuke-kakashi-sakura.jpg,https://drive.google.com/uc?id=1o36-3mPAerkR06icu6kjde5b0v8I4uPl&export=download,https://lh3.googleusercontent.com/d/1o36-3mPAerkR06icu6kjde5b0v8I4uPl=w320?authuser=0,1132368
naruto-sasuke-kaguya.jpg,https://drive.google.com/uc?id=1C-Jo4QF_5_WUUItVcREuOBOmr7m7iWA9&export=download,https://lh3.googleusercontent.com/d/1C-Jo4QF_5_WUUItVcREuOBOmr7m7iWA9=w320?authuser=0,1301906
norway-beautiful-scenery.jpg,https://drive.google.com/uc?id=1C_-2BbtTbFax7_oyHX4BfhDVBTz11tVr&export=download,https://lh3.googleusercontent.com/d/1C_-2BbtTbFax7_oyHX4BfhDVBTz11tVr=w320?authuser=0,1037228
lake-tanuki-reflected-mount-fuji.jpg,https://drive.google.com/uc?id=1WPl4vmLyAFJSkbc5JibkQl-B0KC0dTe_&export=download,https://lh3.googleusercontent.com/d/1WPl4vmLyAFJSkbc5JibkQl-B0KC0dTe_=w320?authuser=0,1445893
lapland-winter-river.jpg,https://drive.google.com/uc?id=1eutvuOb401zM9av91SM3QjPdP_PNQ7zp&export=download,https://lh3.googleusercontent.com/d/1eutvuOb401zM9av91SM3QjPdP_PNQ7zp=w320?authuser=0,656509
matterhorn-glacier.jpg,https://drive.google.com/uc?id=1DETKrDXd9ONObeSQ5O-gKpHmMuWa3BZ0&export=download,https://lh3.googleusercontent.com/d/1DETKrDXd9ONObeSQ5O-gKpHmMuWa3BZ0=w320?authuser=0,2631164
mountain-sky-clouds-galaxy-forest-tower-town.jpg,https://drive.google.com/uc?id=1d4p2YIvIhzZRA5jgicrz1rMixz9absPj&export=download,https://lh3.googleusercontent.com/d/1d4p2YIvIhzZRA5jgicrz1rMixz9absPj=w320?authuser=0,3107458
norway-mountain-boat.jpg,https://drive.google.com/uc?id=1M-kedGm5zJoK0Rgel-HklqShYhdbwpAa&export=download,https://lh3.googleusercontent.com/d/1M-kedGm5zJoK0Rgel-HklqShYhdbwpAa=w320?authuser=0,3118164
iceland.jpg,https://drive.google.com/uc?id=1F4SFg225hmKz8_QXJyneIGN3IC-yks-J&export=download,https://lh3.googleusercontent.com/d/1F4SFg225hmKz8_QXJyneIGN3IC-yks-J=w320?authuser=0,165955
arch-rocks-mountains.jpg,https://drive.google.com/uc?id=14_m9o3xnof42XjZ_khAOUifpAfHDf7fw&export=download,https://lh3.googleusercontent.com/d/14_m9o3xnof42XjZ_khAOUifpAfHDf7fw=w320?authuser=0,7604037
puente.jpg,https://drive.google.com/uc?id=1RmgaH-sEwpAbijSdkwcOF4wBlqa99GDN&export=download,https://lh3.googleusercontent.com/d/1RmgaH-sEwpAbijSdkwcOF4wBlqa99GDN=w320?authuser=0,5442127
palau-philippines-ocean-islands.jpg,https://drive.google.com/uc?id=1tgxgC5-NUIl7SujnxuxBueSAfyhzKJ3p&export=download,https://lh3.googleusercontent.com/d/1tgxgC5-NUIl7SujnxuxBueSAfyhzKJ3p=w320?authuser=0,8338347
lagos-portugal.jpg,https://drive.google.com/uc?id=1ritewCcjOY_TJ7yOPFsz8elTbv33vJwN&export=download,https://lh3.googleusercontent.com/d/1ritewCcjOY_TJ7yOPFsz8elTbv33vJwN=w320?authuser=0,1656254
malolo-barrier-reef.jpg,https://drive.google.com/uc?id=1Z-_ysOU8LmiCAUTtbM0lF4iXNIcRbD0p&export=download,https://lh3.googleusercontent.com/d/1Z-_ysOU8LmiCAUTtbM0lF4iXNIcRbD0p=w320?authuser=0,2417749
caucasus-mountains-clouds.jpg,https://drive.google.com/uc?id=1yVna483bjQAAMlfRZLPrk4xGdH7viaRJ&export=download,https://lh3.googleusercontent.com/d/1yVna483bjQAAMlfRZLPrk4xGdH7viaRJ=w320?authuser=0,1216854
honolulu-hawaii.jpg,https://drive.google.com/uc?id=1wZfeG7IVI6HmRVds8IXCZatZlhHLapAg&export=download,https://lh3.googleusercontent.com/d/1wZfeG7IVI6HmRVds8IXCZatZlhHLapAg=w320?authuser=0,1300681
scandinavia-fog.jpg,https://drive.google.com/uc?id=1zwrtVeNkfDwe911sULpPell5qKCwwP8q&export=download,https://lh3.googleusercontent.com/d/1zwrtVeNkfDwe911sULpPell5qKCwwP8q=w320?authuser=0,1845266
monument-valley-utah.jpg,https://drive.google.com/uc?id=1Ppjl5Klo05V-2EthEI0ehy0w76RWuGCv&export=download,https://lh3.googleusercontent.com/d/1Ppjl5Klo05V-2EthEI0ehy0w76RWuGCv=w320?authuser=0,2583783
mount-vesuvius-italy.jpg,https://drive.google.com/uc?id=16ISkKXY0ymSnAFFlVqasB6s8I7Ocucy5&export=download,https://lh3.googleusercontent.com/d/16ISkKXY0ymSnAFFlVqasB6s8I7Ocucy5=w320?authuser=0,2589445
grand-canyon-arizona-usa.jpg,https://drive.google.com/uc?id=1Rl9CUJ9AjUTzrXoc3MlQaJ06Exvb_O8c&export=download,https://lh3.googleusercontent.com/d/1Rl9CUJ9AjUTzrXoc3MlQaJ06Exvb_O8c=w320?authuser=0,2852612
mount-pilatus-switzerland.jpg,https://drive.google.com/uc?id=1H8GvTym4UJnySRotw3RUdEjvgYyYAIcD&export=download,https://lh3.googleusercontent.com/d/1H8GvTym4UJnySRotw3RUdEjvgYyYAIcD=w320?authuser=0,2119373
urulu-australia.jpg,https://drive.google.com/uc?id=1u9FSw9_KNIjaZq-ckntFl6Cp-PxjWDmR&export=download,https://lh3.googleusercontent.com/d/1u9FSw9_KNIjaZq-ckntFl6Cp-PxjWDmR=w320?authuser=0,1905550
rick-and-morty-breaking-bad.jpg,https://drive.google.com/uc?id=1qTGSdMNgeKoUaS9ka7sVNGT9p1SePXil&export=download,https://lh3.googleusercontent.com/d/1qTGSdMNgeKoUaS9ka7sVNGT9p1SePXil=w320?authuser=0,4736009
tranquility.png,https://drive.google.com/uc?id=1HU1Xqcp0UiKfg5OngEE4KfIcWktyORdi&export=download,https://lh3.googleusercontent.com/d/1HU1Xqcp0UiKfg5OngEE4KfIcWktyORdi=w320?authuser=0,936396
true-colors.png,https://drive.google.com/uc?id=18gaUthGDf_WnmuPgpauEaYEeWCHVy_2r&export=download,https://lh3.googleusercontent.com/d/18gaUthGDf_WnmuPgpauEaYEeWCHVy_2r=w320?authuser=0,1131453
heart-of-the-world.png,https://drive.google.com/uc?id=1vNUSE-Eg-xvw7L44JYHrNpEb958RlaFl&export=download,https://lh3.googleusercontent.com/d/1vNUSE-Eg-xvw7L44JYHrNpEb958RlaFl=w320?authuser=0,1169053
alena-aenami-girl-window.jpg,https://drive.google.com/uc?id=1Zr6FjYqvsLhatFLkTQ4G6XaPlLGyewDv&export=download,https://lh3.googleusercontent.com/d/1Zr6FjYqvsLhatFLkTQ4G6XaPlLGyewDv=w320?authuser=0,514907
alena-aenami-moon-artwork.jpg,https://drive.google.com/uc?id=1VhMe2NiaFJDZ3c7OtDAeQnhmoWPJC6gu&export=download,https://lh3.googleusercontent.com/d/1VhMe2NiaFJDZ3c7OtDAeQnhmoWPJC6gu=w320?authuser=0,505917
alena-aenami-sun.jpg,https://drive.google.com/uc?id=1kN6W6yg9rUuJcEqarGEfoUkpY4dB0s9i&export=download,https://lh3.googleusercontent.com/d/1kN6W6yg9rUuJcEqarGEfoUkpY4dB0s9i=w320?authuser=0,1065803
alena-aenami-sky-sunset.jpg,https://drive.google.com/uc?id=1J7at7tb5xpmE8Qu611MPmEogSyd0OT6p&export=download,https://lh3.googleusercontent.com/d/1J7at7tb5xpmE8Qu611MPmEogSyd0OT6p=w320?authuser=0,831758
window-drops-rain-blur.jpg,https://drive.google.com/uc?id=1smJRZ4dJHuP9-31eorvtQiUieplAQgs1&export=download,https://lh3.googleusercontent.com/d/1smJRZ4dJHuP9-31eorvtQiUieplAQgs1=w320?authuser=0,614285
rick-and-morty-world.jpg,https://drive.google.com/uc?id=14tVo-R1H_SExvNHZcIJZkUS54F2UpKev&export=download,https://lh3.googleusercontent.com/d/14tVo-R1H_SExvNHZcIJZkUS54F2UpKev=w320?authuser=0,214631
starry-sky-sunset.png,https://drive.google.com/uc?id=1En4H17paCfp9_TEmRiyCFf1v7_7WQHAY&export=download,https://lh3.googleusercontent.com/d/1En4H17paCfp9_TEmRiyCFf1v7_7WQHAY=w320?authuser=0,6545221
river-sky-sunset.png,https://drive.google.com/uc?id=1HsB0phFA6QU3tD_g7K_c--Ih3Sg4Hwh1&export=download,https://lh3.googleusercontent.com/d/1HsB0phFA6QU3tD_g7K_c--Ih3Sg4Hwh1=w320?authuser=0,6360095
giant-whale-swimming.png,https://drive.google.com/uc?id=11YteffHgz8oTvKJb0JrqTTWaSC5oFuOc&export=download,https://lh3.googleusercontent.com/d/11YteffHgz8oTvKJb0JrqTTWaSC5oFuOc=w320?authuser=0,11207014
anime-original-girl-computer.jpg,https://drive.google.com/uc?id=1Reqg7u70KopPuY7MPKKr9lN7j7KnZ4fQ&export=download,https://lh3.googleusercontent.com/d/1Reqg7u70KopPuY7MPKKr9lN7j7KnZ4fQ=w320?authuser=0,407074
florest-path.jpg,https://drive.google.com/uc?id=1Acx-A0dAEuJLqUvGpxn8AM_31MM53gzS&export=download,https://lh3.googleusercontent.com/d/1Acx-A0dAEuJLqUvGpxn8AM_31MM53gzS=w320?authuser=0,2677828
florest-stair.jpg,https://drive.google.com/uc?id=1Luy_D9WlYCoPGuscumFTNvdVRo3KGF9E&export=download,https://lh3.googleusercontent.com/d/1Luy_D9WlYCoPGuscumFTNvdVRo3KGF9E=w320?authuser=0,2145628
cozy-camp.jpg,https://drive.google.com/uc?id=1gEH8ouBnVAvz8w7liJtAcbZUgElJg-c_&export=download,https://lh3.googleusercontent.com/d/1gEH8ouBnVAvz8w7liJtAcbZUgElJg-c_=w320?authuser=0,2339745
lofi-dontcry.jpeg,https://drive.google.com/uc?id=1TL0KOosGZTEi6PrjpQy_Gvjij480uN8S&export=download,https://lh3.googleusercontent.com/d/1TL0KOosGZTEi6PrjpQy_Gvjij480uN8S=w320?authuser=0,783964
lofi-no-ones-perfect.jpeg,https://drive.google.com/uc?id=1JOu6R53UVNiqXBX5PVhUTo0l_9aXd-Se&export=download,https://lh3.googleusercontent.com/d/1JOu6R53UVNiqXBX5PVhUTo0l_9aXd-Se=w320?authuser=0,398451
lofi-wondering.jpeg,https://drive.google.com/uc?id=16-dviaybhVcFODZsQTlsq1QFcJ8ZZuM-&export=download,https://lh3.googleusercontent.com/d/16-dviaybhVcFODZsQTlsq1QFcJ8ZZuM-=w320?authuser=0,472928
lofi-winter-girl-umbrella.jpeg,https://drive.google.com/uc?id=1UwXru2rnxLSiO9gRnVvaL2kkeSQjB4e9&export=download,https://lh3.googleusercontent.com/d/1UwXru2rnxLSiO9gRnVvaL2kkeSQjB4e9=w320?authuser=0,393102
lofi-sounds-asleep.jpeg,https://drive.google.com/uc?id=1c7Il0_nZNyRBmR3M-UomOjlHxFcsq7ul&export=download,https://lh3.googleusercontent.com/d/1c7Il0_nZNyRBmR3M-UomOjlHxFcsq7ul=w320?authuser=0,468187
lofi-calm-land.jpeg,https://drive.google.com/uc?id=16HUDmN_l8SbsG-Im2oiaoVBZL4vmd_Na&export=download,https://lh3.googleusercontent.com/d/16HUDmN_l8SbsG-Im2oiaoVBZL4vmd_Na=w320?authuser=0,118160
lofi-police-car.jpeg,https://drive.google.com/uc?id=1VuqGUkdDErm31nopbIL0ZDchflAHdTk_&export=download,https://lh3.googleusercontent.com/d/1VuqGUkdDErm31nopbIL0ZDchflAHdTk_=w320?authuser=0,200527
lofi-bath.jpeg,https://drive.google.com/uc?id=1pFzY8bJrAIMtY-7cCZGXThx9U6-hAS_r&export=download,https://lh3.googleusercontent.com/d/1pFzY8bJrAIMtY-7cCZGXThx9U6-hAS_r=w320?authuser=0,368249
lofi-cat.jpeg,https://drive.google.com/uc?id=1Pa84MlSyyrSQiMmBSJGBUJUI5VJQGU4_&export=download,https://lh3.googleusercontent.com/d/1Pa84MlSyyrSQiMmBSJGBUJUI5VJQGU4_=w320?authuser=0,222521
lofi-midnight.jpeg,https://drive.google.com/uc?id=1eYUT_pr4xpb2nBpp9kjmA6awaEvfrV3j&export=download,https://lh3.googleusercontent.com/d/1eYUT_pr4xpb2nBpp9kjmA6awaEvfrV3j=w320?authuser=0,177239
lofi-sunset.jpeg,https://drive.google.com/uc?id=1v91QbU7sqwTX8bHFM0RYH35dPjSVciu6&export=download,https://lh3.googleusercontent.com/d/1v91QbU7sqwTX8bHFM0RYH35dPjSVciu6=w320?authuser=0,168647
lofi-summer.jpeg,https://drive.google.com/uc?id=13lSMXRrJ23D9c926-scxrAv6qrZWbkAG&export=download,https://lh3.googleusercontent.com/d/13lSMXRrJ23D9c926-scxrAv6qrZWbkAG=w320?authuser=0,110105
alena-aenami-7p-m.jpg,https://drive.google.com/uc?id=1miAQErk0Jy0LSgcDu62I7m8AsdMgYCFN&export=download,https://lh3.googleusercontent.com/d/1miAQErk0Jy0LSgcDu62I7m8AsdMgYCFN=w320?authuser=0,635610
alena-aenami-cold.jpg,https://drive.google.com/uc?id=1wEnCiqjFZpG4ePL92n34bCUf4CI8lCQN&export=download,https://lh3.googleusercontent.com/d/1wEnCiqjFZpG4ePL92n34bCUf4CI8lCQN=w320?authuser=0,625260
alena-aenami-endless.jpg,https://drive.google.com/uc?id=1fIJY1qRW1yBuOWZrnotmZRqbhBUj8aFQ&export=download,https://lh3.googleusercontent.com/d/1fIJY1qRW1yBuOWZrnotmZRqbhBUj8aFQ=w320?authuser=0,502368
alena-aenami-eternity.jpg,https://drive.google.com/uc?id=1Iga0cK_PTBHiWWZKuLHKvfkIIpv-GCc4&export=download,https://lh3.googleusercontent.com/d/1Iga0cK_PTBHiWWZKuLHKvfkIIpv-GCc4=w320?authuser=0,602327
alena-aenami-far-from-tomorrow.jpg,https://drive.google.com/uc?id=177T9aBHWAhOn8_qNdle1ET9-Lj_Gzr7S&export=download,https://lh3.googleusercontent.com/d/177T9aBHWAhOn8_qNdle1ET9-Lj_Gzr7S=w320?authuser=0,609366
rain-window-girl.jpg,https://drive.google.com/uc?id=1VoQGtGfMIJgqrI9JAxSy4tBzU6xSa1aR&export=download,https://lh3.googleusercontent.com/d/1VoQGtGfMIJgqrI9JAxSy4tBzU6xSa1aR=w320?authuser=0,6875200
rain-house-tree.jpg,https://drive.google.com/uc?id=1KN56PLbmgoCanKQMpbYHwByWJInw13vk&export=download,https://lh3.googleusercontent.com/d/1KN56PLbmgoCanKQMpbYHwByWJInw13vk=w320?authuser=0,7713755
anime-original-freedom-flight.jpg,https://drive.google.com/uc?id=1fcfJ-RmP04MNOiGMD1ZR_Awj0Sg-G6ab&export=download,https://lh3.googleusercontent.com/d/1fcfJ-RmP04MNOiGMD1ZR_Awj0Sg-G6ab=w320?authuser=0,214523
please-stay-on-trail.jpg,https://drive.google.com/uc?id=18ZEQAUK-EuXgJCaz_zR28mxdbNhpQWy-&export=download,https://lh3.googleusercontent.com/d/18ZEQAUK-EuXgJCaz_zR28mxdbNhpQWy-=w320?authuser=0,8009048
hourglass-stones.jpg,https://drive.google.com/uc?id=1VKXdM7nMGA1mR7N6syvhRKGKiNbFGSLa&export=download,https://lh3.googleusercontent.com/d/1VKXdM7nMGA1mR7N6syvhRKGKiNbFGSLa=w320?authuser=0,2770696
child-river-dreams.jpg,https://drive.google.com/uc?id=1hPeBBNcBirF_93JKAByhjsEo0u1XwUfj&export=download,https://lh3.googleusercontent.com/d/1hPeBBNcBirF_93JKAByhjsEo0u1XwUfj=w320?authuser=0,2555024
exit-neon-sign.jpg,https://drive.google.com/uc?id=1PWwXWbCxAUBOxNRmfoUOY8F1zBIgyMhz&export=download,https://lh3.googleusercontent.com/d/1PWwXWbCxAUBOxNRmfoUOY8F1zBIgyMhz=w320?authuser=0,717349
colorful-sky.jpg,https://drive.google.com/uc?id=1dJ2TIDUDcQpO7cJfeNt8SR9guaRFmQAg&export=download,https://lh3.googleusercontent.com/d/1dJ2TIDUDcQpO7cJfeNt8SR9guaRFmQAg=w320?authuser=0,175934
lofi-buildings-pink-sky.png,https://drive.google.com/uc?id=1dfVZtct95FurgOmd6GE93LN0jj5AZMY6&export=download,https://lh3.googleusercontent.com/d/1dfVZtct95FurgOmd6GE93LN0jj5AZMY6=w320?authuser=0,17015
lamp-macro.jpg,https://drive.google.com/uc?id=1KsKMsX2ABLkBLm_KnOWfHeNLR4pIcYlK&export=download,https://lh3.googleusercontent.com/d/1KsKMsX2ABLkBLm_KnOWfHeNLR4pIcYlK=w320?authuser=0,81735
ugly-dude-dark.png,https://drive.google.com/uc?id=1M2wTcYkTVBnvxHFNUJvwUGpc1zyhr1ia&export=download,https://lh3.googleusercontent.com/d/1M2wTcYkTVBnvxHFNUJvwUGpc1zyhr1ia=w320?authuser=0,1348137
lofi-wall-pink.jpg,https://drive.google.com/uc?id=1NQxdy4SR94HQ4QzpnxFJsQhhlxBI0qc1&export=download,https://lh3.googleusercontent.com/d/1NQxdy4SR94HQ4QzpnxFJsQhhlxBI0qc1=w320?authuser=0,305972
lofi-open-sky.png,https://drive.google.com/uc?id=1VbM-6TQ7drPpCi6AKejt6NX1jzml7l3X&export=download,https://lh3.googleusercontent.com/d/1VbM-6TQ7drPpCi6AKejt6NX1jzml7l3X=w320?authuser=0,666678
lofi-trees.jpg,https://drive.google.com/uc?id=1GFd5rhS2CWOm8q_LgECSPzrc9OMCsSFA&export=download,https://lh3.googleusercontent.com/d/1GFd5rhS2CWOm8q_LgECSPzrc9OMCsSFA=w320?authuser=0,161003
desert-red-sky.png,https://drive.google.com/uc?id=15QIjgEcuperYt45uTfXSxLIBqUtkgGJV&export=download,https://lh3.googleusercontent.com/d/15QIjgEcuperYt45uTfXSxLIBqUtkgGJV=w320?authuser=0,169579
traditional-japanese-tatami-room.jpg,https://drive.google.com/uc?id=1ZMP2J-XALpXhIsQxIcAP0ETBkLn8CWXp&export=download,https://lh3.googleusercontent.com/d/1ZMP2J-XALpXhIsQxIcAP0ETBkLn8CWXp=w320?authuser=0,660234
japan-rain-street-house.jpg,https://drive.google.com/uc?id=1M-z7QWzBhnjzOL0X5Kc0-YkkbrKOYpjg&export=download,https://lh3.googleusercontent.com/d/1M-z7QWzBhnjzOL0X5Kc0-YkkbrKOYpjg=w320?authuser=0,1424625
wet-road-on-rainy-night.jpg,https://drive.google.com/uc?id=1iJ96Pfx21TMsBxdT4YJ53K8KKcMzfSsO&export=download,https://lh3.googleusercontent.com/d/1iJ96Pfx21TMsBxdT4YJ53K8KKcMzfSsO=w320?authuser=0,1609443
rainy-days.png,https://drive.google.com/uc?id=1vbmJFYL6bgiyQlDxo8uWXSiXsjeDdXnn&export=download,https://lh3.googleusercontent.com/d/1vbmJFYL6bgiyQlDxo8uWXSiXsjeDdXnn=w320?authuser=0,1996206
san-francisco-rainy-night.jpg,https://drive.google.com/uc?id=1w61Muus6UNhUe2N5UAyE5S2vKqBbZjJb&export=download,https://lh3.googleusercontent.com/d/1w61Muus6UNhUe2N5UAyE5S2vKqBbZjJb=w320?authuser=0,519906
eren-yeager.jpg,https://drive.google.com/uc?id=1M1pEi99ARtbdv7Ggz24cyT-8w9SCiR7V&export=download,https://lh3.googleusercontent.com/d/1M1pEi99ARtbdv7Ggz24cyT-8w9SCiR7V=w320?authuser=0,139342
desert-art-and-hot-air-balloon.jpg,https://drive.google.com/uc?id=1g2hPe0Q5MPDiC7yAE3lSLq5G8i1BHEHB&export=download,https://lh3.googleusercontent.com/d/1g2hPe0Q5MPDiC7yAE3lSLq5G8i1BHEHB=w320?authuser=0,6357066
rick-and-morty.jpg,https://drive.google.com/uc?id=1-zcO9jB0L7imgi7GpjbduWgmmXnt5_Wc&export=download,https://lh3.googleusercontent.com/d/1-zcO9jB0L7imgi7GpjbduWgmmXnt5_Wc=w320?authuser=0,2658129
sunrise-landscape.jpg,https://drive.google.com/uc?id=1TeTlgUt1nbpTAR33i-bpdIFTulqTw5US&export=download,https://lh3.googleusercontent.com/d/1TeTlgUt1nbpTAR33i-bpdIFTulqTw5US=w320?authuser=0,1288011
alena-aenami-cloud-sunset.jpg,https://drive.google.com/uc?id=1qF66XrW2Ix4_7Wh4YvOojNQIbWXwnwuA&export=download,https://lh3.googleusercontent.com/d/1qF66XrW2Ix4_7Wh4YvOojNQIbWXwnwuA=w320?authuser=0,3030161
fantasy-natural-scenery.jpg,https://drive.google.com/uc?id=1S1p17dISyoQ2kTZATIIRBS5QqweNdJYi&export=download,https://lh3.googleusercontent.com/d/1S1p17dISyoQ2kTZATIIRBS5QqweNdJYi=w320?authuser=0,3226103
samurai-on-bridge.jpg,https://drive.google.com/uc?id=16vCE6kQFhXhHboY0SjvZPGo4i23yDTkE&export=download,https://lh3.googleusercontent.com/d/16vCE6kQFhXhHboY0SjvZPGo4i23yDTkE=w320?authuser=0,633030
city-street-art.jpg,https://drive.google.com/uc?id=1Sjj3kgxl-dHXStYGWGBv1FjYCQDIiHoi&export=download,https://lh3.googleusercontent.com/d/1Sjj3kgxl-dHXStYGWGBv1FjYCQDIiHoi=w320?authuser=0,3287681
road-night-lights.jpg,https://drive.google.com/uc?id=1xBplC_OajdRXjxEDVdXtukbH9IGx4-9N&export=download,https://lh3.googleusercontent.com/d/1xBplC_OajdRXjxEDVdXtukbH9IGx4-9N=w320?authuser=0,525780
tram-in-the-night-city.jpg,https://drive.google.com/uc?id=1pPkPio5s1oEMURXtrR3o7NEWvFICsu3Y&export=download,https://lh3.googleusercontent.com/d/1pPkPio5s1oEMURXtrR3o7NEWvFICsu3Y=w320?authuser=0,1083997
girl-under-the-umbrella.jpg,https://drive.google.com/uc?id=1d8H_7asb1zrXD1NftklebIkw6ponUk0c&export=download,https://lh3.googleusercontent.com/d/1d8H_7asb1zrXD1NftklebIkw6ponUk0c=w320?authuser=0,627459
anime-sun.jpg,https://drive.google.com/uc?id=123x05RX7fYzyU-lZUxQWNYgfvcMhXtiW&export=download,https://lh3.googleusercontent.com/d/123x05RX7fYzyU-lZUxQWNYgfvcMhXtiW=w320?authuser=0,6139032
anime-girl-umbrella.png,https://drive.google.com/uc?id=1_-ZsvwdvpLVbCQL8jSeT4pQWVVOmrX01&export=download,https://lh3.googleusercontent.com/d/1_-ZsvwdvpLVbCQL8jSeT4pQWVVOmrX01=w320?authuser=0,2800074
anime-girls.jpg,https://drive.google.com/uc?id=1lZd7LDISxl-3b-NRJeg1gwTRWNh5Dol2&export=download,https://lh3.googleusercontent.com/d/1lZd7LDISxl-3b-NRJeg1gwTRWNh5Dol2=w320?authuser=0,1044004
anime-girl-office.jpg,https://drive.google.com/uc?id=1aNr6__cmCrs1kT24zjnNDVr1EvGPGLqo&export=download,https://lh3.googleusercontent.com/d/1aNr6__cmCrs1kT24zjnNDVr1EvGPGLqo=w320?authuser=0,369337
cyberpunk-girl-robot.jpg,https://drive.google.com/uc?id=1zYFZyjSS-QcheYsDP-QEpdW6LkbZRcMm&export=download,https://lh3.googleusercontent.com/d/1zYFZyjSS-QcheYsDP-QEpdW6LkbZRcMm=w320?authuser=0,661297
anime-japan-girl-sword.jpg,https://drive.google.com/uc?id=1UA88-FmioNBznulD3SN8-m7g2jVZBelK&export=download,https://lh3.googleusercontent.com/d/1UA88-FmioNBznulD3SN8-m7g2jVZBelK=w320?authuser=0,842979
cyberpunk-girl-car.jpg,https://drive.google.com/uc?id=1X0zOSKcE6gTw0XEx3xSvCZ3wq_cW6KJN&export=download,https://lh3.googleusercontent.com/d/1X0zOSKcE6gTw0XEx3xSvCZ3wq_cW6KJN=w320?authuser=0,4286863
cyberpunk-woman-tattoo.jpg,https://drive.google.com/uc?id=14StNKPGP-1NSEAW3oYtlVGVdGLdhG4zs&export=download,https://lh3.googleusercontent.com/d/14StNKPGP-1NSEAW3oYtlVGVdGLdhG4zs=w320?authuser=0,986747
cyberpunk-rainy.png,https://drive.google.com/uc?id=1HpvT47tRaxaYz-HQXAY0oKAnNoJrZv_G&export=download,https://lh3.googleusercontent.com/d/1HpvT47tRaxaYz-HQXAY0oKAnNoJrZv_G=w320?authuser=0,2454045
cyberpunk-robot.png,https://drive.google.com/uc?id=1gVivSsAV-KaDQxcQKWnePzV5j7uupqcg&export=download,https://lh3.googleusercontent.com/d/1gVivSsAV-KaDQxcQKWnePzV5j7uupqcg=w320?authuser=0,2495452
cyberpunk-car.jpg,https://drive.google.com/uc?id=1aahE4QEhhcHp2TDHZ7Bdc0i1PwC3epAf&export=download,https://lh3.googleusercontent.com/d/1aahE4QEhhcHp2TDHZ7Bdc0i1PwC3epAf=w320?authuser=0,853152
yang-shuo--unsplash.jpg,https://drive.google.com/uc?id=1BcNrjPRZUI3JHMv1XOaHp0k3mBfEI9v_&export=download,https://lh3.googleusercontent.com/d/1BcNrjPRZUI3JHMv1XOaHp0k3mBfEI9v_=w320?authuser=0,1395608
wolf-art.jpg,https://drive.google.com/uc?id=1WiYvc6OdD8pNSY8JiV_Vo0dTGqDVSK9M&export=download,https://lh3.googleusercontent.com/d/1WiYvc6OdD8pNSY8JiV_Vo0dTGqDVSK9M=w320?authuser=0,554071
wolf-howl-art.jpg,https://drive.google.com/uc?id=1d-fyXopDDpzxkwTq1Qvx2BIfUFVlOCHN&export=download,https://lh3.googleusercontent.com/d/1d-fyXopDDpzxkwTq1Qvx2BIfUFVlOCHN=w320?authuser=0,339115
japan-house-anime.jpg,https://drive.google.com/uc?id=1pRIxwlTx4_oPHBohLNV-m-Sq5HkRYHYc&export=download,https://lh3.googleusercontent.com/d/1pRIxwlTx4_oPHBohLNV-m-Sq5HkRYHYc=w320?authuser=0,1358982
futuristic-future-world.jpg,https://drive.google.com/uc?id=1vBBM5LYq5KR5q8e09a9j4F01rC9qn6M2&export=download,https://lh3.googleusercontent.com/d/1vBBM5LYq5KR5q8e09a9j4F01rC9qn6M2=w320?authuser=0,1462420
scifi-landsape.jpg,https://drive.google.com/uc?id=1ddvV7O7BhhqfaIjKeFMDd8DfrXZWjguv&export=download,https://lh3.googleusercontent.com/d/1ddvV7O7BhhqfaIjKeFMDd8DfrXZWjguv=w320?authuser=0,2026295
footbridge-in-the-fall-forest.jpg,https://drive.google.com/uc?id=1Or-Nr9vh2cU8JbpGADLi2LXZWxoJyRWf&export=download,https://lh3.googleusercontent.com/d/1Or-Nr9vh2cU8JbpGADLi2LXZWxoJyRWf=w320?authuser=0,1014386
liberty-bridge.jpg,https://drive.google.com/uc?id=1oAZW07mGu8eWXxyQSjlz3Yr4eEFENHPY&export=download,https://lh3.googleusercontent.com/d/1oAZW07mGu8eWXxyQSjlz3Yr4eEFENHPY=w320?authuser=0,4796251
peyto-lake-mod.jpg,https://drive.google.com/uc?id=1AJ_fqEtHS0EOTqjXJiF9C2BmWTq6URRs&export=download,https://lh3.googleusercontent.com/d/1AJ_fqEtHS0EOTqjXJiF9C2BmWTq6URRs=w320?authuser=0,4320071
another-world.jpg,https://drive.google.com/uc?id=1MzqUyH9tkhJUzKjQulaL80semaQztmDI&export=download,https://lh3.googleusercontent.com/d/1MzqUyH9tkhJUzKjQulaL80semaQztmDI=w320?authuser=0,330788
queensboro-bridge.jpg,https://drive.google.com/uc?id=1WVq1ae4bqO4Ku25js28D5jc63IVmDmqp&export=download,https://lh3.googleusercontent.com/d/1WVq1ae4bqO4Ku25js28D5jc63IVmDmqp=w320?authuser=0,2410715
howling-wolf.jpg,https://drive.google.com/uc?id=11j-gcFY-qFkeHvMm0AGIREEypBf9kGmY&export=download,https://lh3.googleusercontent.com/d/11j-gcFY-qFkeHvMm0AGIREEypBf9kGmY=w320?authuser=0,371807
black-pendent-lamps.jpg,https://drive.google.com/uc?id=17RweWGhzi_UCTzvqbMEM6UIkzh_vv1nX&export=download,https://lh3.googleusercontent.com/d/17RweWGhzi_UCTzvqbMEM6UIkzh_vv1nX=w320?authuser=0,1860403
wise-wolf.jpg,https://drive.google.com/uc?id=1VX8GGuicMGwSi_mf-Xt906yPQZfD3-UV&export=download,https://lh3.googleusercontent.com/d/1VX8GGuicMGwSi_mf-Xt906yPQZfD3-UV=w320?authuser=0,226806
wayfarer.jpg,https://drive.google.com/uc?id=1G6TqTSuzAysgyD03ToEVxWnRFY2xJ9TL&export=download,https://lh3.googleusercontent.com/d/1G6TqTSuzAysgyD03ToEVxWnRFY2xJ9TL=w320?authuser=0,2395433
river-shore-silhouette.jpg,https://drive.google.com/uc?id=1tnzRO1-nBQ0lvjKu2ZePMLK6wSTc5u82&export=download,https://lh3.googleusercontent.com/d/1tnzRO1-nBQ0lvjKu2ZePMLK6wSTc5u82=w320?authuser=0,2227053
horizon-cafe.jpg,https://drive.google.com/uc?id=1jaWmv_tNXVGjE34yhRXqhYV5lV5ZURIf&export=download,https://lh3.googleusercontent.com/d/1jaWmv_tNXVGjE34yhRXqhYV5lV5ZURIf=w320?authuser=0,759271
wet-road.jpg,https://drive.google.com/uc?id=1CFHhprq_akgBhqYnbQBbN-Y8iRt0sl_u&export=download,https://lh3.googleusercontent.com/d/1CFHhprq_akgBhqYnbQBbN-Y8iRt0sl_u=w320?authuser=0,6823225
snowy-mountain.jpg,https://drive.google.com/uc?id=1EiviAaU--HxlcghXmEV_o9ZcPizqheJa&export=download,https://lh3.googleusercontent.com/d/1EiviAaU--HxlcghXmEV_o9ZcPizqheJa=w320?authuser=0,4211681
taehoon-kang-16.jpg,https://drive.google.com/uc?id=1VyECAmo0N1mW2eO4wBVApONtwMPRtghb&export=download,https://lh3.googleusercontent.com/d/1VyECAmo0N1mW2eO4wBVApONtwMPRtghb=w320?authuser=0,860213
ugly-dude-black.png,https://drive.google.com/uc?id=1uWLvZnIsIGMgRHTHX6jMzlOXh1Jsp893&export=download,https://lh3.googleusercontent.com/d/1uWLvZnIsIGMgRHTHX6jMzlOXh1Jsp893=w320?authuser=0,8308968
mountain-nord.jpg,https://drive.google.com/uc?id=1Hruz3__6bP3uRX9YPb3kHKfIYhc7N0T1&export=download,https://lh3.googleusercontent.com/d/1Hruz3__6bP3uRX9YPb3kHKfIYhc7N0T1=w320?authuser=0,156968
snow-covered-cabin.jpg,https://drive.google.com/uc?id=1Og4xKFwElsN7nqmMQrON1d-Ez5Ku0QXr&export=download,https://lh3.googleusercontent.com/d/1Og4xKFwElsN7nqmMQrON1d-Ez5Ku0QXr=w320?authuser=0,362575
winter-highway.jpg,https://drive.google.com/uc?id=1E_nqbkquS2zEQeaASAitUEbFUjuujI3F&export=download,https://lh3.googleusercontent.com/d/1E_nqbkquS2zEQeaASAitUEbFUjuujI3F=w320?authuser=0,1395095
bad-goisern.jpg,https://drive.google.com/uc?id=1QWbw9GR3c1-a3se_H4uhmlQ5Qk_9RTX-&export=download,https://lh3.googleusercontent.com/d/1QWbw9GR3c1-a3se_H4uhmlQ5Qk_9RTX-=w320?authuser=0,237114
buttes-under-the-starry-night-sky.jpg,https://drive.google.com/uc?id=1riUljaQ0SL5TUNBkBuGThefNm_CsQWgc&export=download,https://lh3.googleusercontent.com/d/1riUljaQ0SL5TUNBkBuGThefNm_CsQWgc=w320?authuser=0,608572
fitz-roy-in-the-snowfall.jpg,https://drive.google.com/uc?id=1YRH26S7IzorBCmqnQDT0_jIagfWtF4ZU&export=download,https://lh3.googleusercontent.com/d/1YRH26S7IzorBCmqnQDT0_jIagfWtF4ZU=w320?authuser=0,1360859
snowy-amsterdam.jpg,https://drive.google.com/uc?id=1w503TxTUqtpqtdB0KBOz7I-FY_F0-eeI&export=download,https://lh3.googleusercontent.com/d/1w503TxTUqtpqtdB0KBOz7I-FY_F0-eeI=w320?authuser=0,878909
glacier-national-park.jpg,https://drive.google.com/uc?id=1OI41etDTQSeEpBY3YkJO5gUG2DA3lAGR&export=download,https://lh3.googleusercontent.com/d/1OI41etDTQSeEpBY3YkJO5gUG2DA3lAGR=w320?authuser=0,507799
girl-twilight-clouds.jpg,https://drive.google.com/uc?id=1R69u4C5wr8rQRb6K4d70Z49Z4zVwMGLg&export=download,https://lh3.googleusercontent.com/d/1R69u4C5wr8rQRb6K4d70Z49Z4zVwMGLg=w320?authuser=0,3419947
illuminated-jellyfish.jpg,https://drive.google.com/uc?id=1fbjzXG02J7g9bKM_dbvAsUquRANNZMqE&export=download,https://lh3.googleusercontent.com/d/1fbjzXG02J7g9bKM_dbvAsUquRANNZMqE=w320?authuser=0,1231537
sunset-bear-deer.jpg,https://drive.google.com/uc?id=1mdJA7y_iBrHLZ2ry495CW6zpJ-bSeoOD&export=download,https://lh3.googleusercontent.com/d/1mdJA7y_iBrHLZ2ry495CW6zpJ-bSeoOD=w320?authuser=0,196180
lofi-girl.jpg,https://drive.google.com/uc?id=1p8n8IY7y8tIMXte00sp6DT0TtHzkDYtk&export=download,https://lh3.googleusercontent.com/d/1p8n8IY7y8tIMXte00sp6DT0TtHzkDYtk=w320?authuser=0,617900
nord-water.png,https://drive.google.com/uc?id=13L6n4FeanqH-gsIJMusBzzlNZmFC8UNC&export=download,https://lh3.googleusercontent.com/d/13L6n4FeanqH-gsIJMusBzzlNZmFC8UNC=w320?authuser=0,135505
galaxy-space.jpg,https://drive.google.com/uc?id=16z-vCrP-PScSvLlzhhghj4e5sy3Jd6n6&export=download,https://lh3.googleusercontent.com/d/16z-vCrP-PScSvLlzhhghj4e5sy3Jd6n6=w320?authuser=0,360828
watch-dogs-legion-logo.jpg,https://drive.google.com/uc?id=1JBhRglB1Neaq9MtG7_pP_BBdRwxIr9tq&export=download,https://lh3.googleusercontent.com/d/1JBhRglB1Neaq9MtG7_pP_BBdRwxIr9tq=w320?authuser=0,336300
watch-dogs-legion.jpg,https://drive.google.com/uc?id=1kRpWgvBnOIj5hfIXQkbTexfVU_5E8Bg-&export=download,https://lh3.googleusercontent.com/d/1kRpWgvBnOIj5hfIXQkbTexfVU_5E8Bg-=w320?authuser=0,1849032
digital-colorful-space-art.jpg,https://drive.google.com/uc?id=1G9Xskgh820jNChm3KO68BFI5E5hrtq8F&export=download,https://lh3.googleusercontent.com/d/1G9Xskgh820jNChm3KO68BFI5E5hrtq8F=w320?authuser=0,3596902
spaceship-minimalism.jpg,https://drive.google.com/uc?id=1PFP0KmecDRONJQ-aEby3SbocApc7WguJ&export=download,https://lh3.googleusercontent.com/d/1PFP0KmecDRONJQ-aEby3SbocApc7WguJ=w320?authuser=0,97089
minimal-mountains.jpg,https://drive.google.com/uc?id=1AvyUTq5zh-EgescDjzRrVHR6FgoA-_nu&export=download,https://lh3.googleusercontent.com/d/1AvyUTq5zh-EgescDjzRrVHR6FgoA-_nu=w320?authuser=0,233475
tokyo-japan-city.jpg,https://drive.google.com/uc?id=1A91bHfdir0fAuA-5GlTNQ3IqAVBvr0BD&export=download,https://lh3.googleusercontent.com/d/1A91bHfdir0fAuA-5GlTNQ3IqAVBvr0BD=w320?authuser=0,1693830
tokyo-night.jpg,https://drive.google.com/uc?id=1sVNQUkqchydvhcEBZCCKx6H0UmFOBgSH&export=download,https://lh3.googleusercontent.com/d/1sVNQUkqchydvhcEBZCCKx6H0UmFOBgSH=w320?authuser=0,5433969
shamanism-silhouette.jpg,https://drive.google.com/uc?id=1T6o5kBiAxLRxdi8XRNZgPrD61LEmc08h&export=download,https://lh3.googleusercontent.com/d/1T6o5kBiAxLRxdi8XRNZgPrD61LEmc08h=w320?authuser=0,3279503
trip-night.jpg,https://drive.google.com/uc?id=1Y6akx9APaTTpTCyswIgaeNWtajGLEtlT&export=download,https://lh3.googleusercontent.com/d/1Y6akx9APaTTpTCyswIgaeNWtajGLEtlT=w320?authuser=0,6776447
peyto-lake.jpg,https://drive.google.com/uc?id=1W2Oti-wA4SFQMBRNpxaFppw2kk8jAZjN&export=download,https://lh3.googleusercontent.com/d/1W2Oti-wA4SFQMBRNpxaFppw2kk8jAZjN=w320?authuser=0,5159479
hungarian-parliament.jpg,https://drive.google.com/uc?id=1AduG1qVDDjr4izNbAQhL-FTwsjZAm5Ix&export=download,https://lh3.googleusercontent.com/d/1AduG1qVDDjr4izNbAQhL-FTwsjZAm5Ix=w320?authuser=0,3133262
sea-coast-pier.jpg,https://drive.google.com/uc?id=14fpZ8L_zhJRjuDz0HlCbhNPZlfa0a2N8&export=download,https://lh3.googleusercontent.com/d/14fpZ8L_zhJRjuDz0HlCbhNPZlfa0a2N8=w320?authuser=0,1871181
half-planet-black.jpg,https://drive.google.com/uc?id=1xZUNPHl8JGB_ZnyWHF5FpDXMrhLDo2US&export=download,https://lh3.googleusercontent.com/d/1xZUNPHl8JGB_ZnyWHF5FpDXMrhLDo2US=w320?authuser=0,220825
macro-leaf-photography.jpg,https://drive.google.com/uc?id=16TpgGRScnpaqaoq-_3vHz-HIfsGB9lk2&export=download,https://lh3.googleusercontent.com/d/16TpgGRScnpaqaoq-_3vHz-HIfsGB9lk2=w320?authuser=0,268670
hacking-mr-robot.jpg,https://drive.google.com/uc?id=1-c4RnuevfIYfLQfb8hpPnN8NJ7zVND7h&export=download,https://lh3.googleusercontent.com/d/1-c4RnuevfIYfLQfb8hpPnN8NJ7zVND7h=w320?authuser=0,118554
Photo-by-SpaceX.jpg,https://drive.google.com/uc?id=1qnc6AtB7sY2HgS3VgFPmc0UPpZwwCE6N&export=download,https://lh3.googleusercontent.com/d/1qnc6AtB7sY2HgS3VgFPmc0UPpZwwCE6N=w320?authuser=0,307252
iceberg-minimalist.jpg,https://drive.google.com/uc?id=196BL_p9tW7pYCrT2aR-1lPQGDvlShvg1&export=download,https://lh3.googleusercontent.com/d/196BL_p9tW7pYCrT2aR-1lPQGDvlShvg1=w320?authuser=0,714429
moon-planet-black.jpg,https://drive.google.com/uc?id=1LKDNY907XPvqZ0lKgErmYOeRln-cZUvl&export=download,https://lh3.googleusercontent.com/d/1LKDNY907XPvqZ0lKgErmYOeRln-cZUvl=w320?authuser=0,113450
human-surviving-in-mars-artwork.jpg,https://drive.google.com/uc?id=1r33hhiAJdCf6Ukrtow3Rz9eAhq0tIfzR&export=download,https://lh3.googleusercontent.com/d/1r33hhiAJdCf6Ukrtow3Rz9eAhq0tIfzR=w320?authuser=0,913572
purple-sunset-reflected-in-the-ocean.jpg,https://drive.google.com/uc?id=1qze29TokUU6B4z8uVmdfKG0ola95cLvu&export=download,https://lh3.googleusercontent.com/d/1qze29TokUU6B4z8uVmdfKG0ola95cLvu=w320?authuser=0,1451586
sunet-clouds-art.jpg,https://drive.google.com/uc?id=1fM0Yz2YoVuKYLcNRM_fmQXkorz7-61Qt&export=download,https://lh3.googleusercontent.com/d/1fM0Yz2YoVuKYLcNRM_fmQXkorz7-61Qt=w320?authuser=0,608291
deer-forest-outdoor-art.jpg,https://drive.google.com/uc?id=1ib88HhGz2kJidoSKkDSY4iA9YG6T4bfQ&export=download,https://lh3.googleusercontent.com/d/1ib88HhGz2kJidoSKkDSY4iA9YG6T4bfQ=w320?authuser=0,322485
sea-winter.jpg,https://drive.google.com/uc?id=1OGgiIqIQMuyyrq9EUHaz3KqgyS2BWidH&export=download,https://lh3.googleusercontent.com/d/1OGgiIqIQMuyyrq9EUHaz3KqgyS2BWidH=w320?authuser=0,1333327
blood-moon-night.jpg,https://drive.google.com/uc?id=1K4IWQRLw3_mU8VcJuUWZErGOdLDQRImO&export=download,https://lh3.googleusercontent.com/d/1K4IWQRLw3_mU8VcJuUWZErGOdLDQRImO=w320?authuser=0,326536
wolf-hellhound-art.jpg,https://drive.google.com/uc?id=1e1IVZDSWddEVwf1EOcKiokBHrq-g2vsu&export=download,https://lh3.googleusercontent.com/d/1e1IVZDSWddEVwf1EOcKiokBHrq-g2vsu=w320?authuser=0,1651834
forest-sunset-artwork.jpg,https://drive.google.com/uc?id=1lQ7V-aXAtJMLmmBeIqwy7reP0_ANQwWH&export=download,https://lh3.googleusercontent.com/d/1lQ7V-aXAtJMLmmBeIqwy7reP0_ANQwWH=w320?authuser=0,734316
dragon-fire-breathing-flame.jpg,https://drive.google.com/uc?id=1SDxnxlbzwaHdw5lsws58X7opbhiL0Z_0&export=download,https://lh3.googleusercontent.com/d/1SDxnxlbzwaHdw5lsws58X7opbhiL0Z_0=w320?authuser=0,1306248
deer-staring-at-sunset-anime.jpg,https://drive.google.com/uc?id=1L6agK96LUUBBstM8yjTZJIkuCwiHLKl9&export=download,https://lh3.googleusercontent.com/d/1L6agK96LUUBBstM8yjTZJIkuCwiHLKl9=w320?authuser=0,861746
dragon-artwork.jpg,https://drive.google.com/uc?id=1xEMGIdToAbAugaQbGTKqbj2tz3zq0IQd&export=download,https://lh3.googleusercontent.com/d/1xEMGIdToAbAugaQbGTKqbj2tz3zq0IQd=w320?authuser=0,1735304
spaces-black.jpg,https://drive.google.com/uc?id=1qS4cRSGWbrOwsypWWRrvWhJObWPEckUZ&export=download,https://lh3.googleusercontent.com/d/1qS4cRSGWbrOwsypWWRrvWhJObWPEckUZ=w320?authuser=0,236548
space-math.jpg,https://drive.google.com/uc?id=1cp9zrIL98Qh-zjhDiduPAy0ATbukUEJu&export=download,https://lh3.googleusercontent.com/d/1cp9zrIL98Qh-zjhDiduPAy0ATbukUEJu=w320?authuser=0,189701
moons-black.jpg,https://drive.google.com/uc?id=1A96eRpzaD_GzR6cvguD2lIq5sVX09FLm&export=download,https://lh3.googleusercontent.com/d/1A96eRpzaD_GzR6cvguD2lIq5sVX09FLm=w320?authuser=0,162388
space-thing.jpg,https://drive.google.com/uc?id=1GUsK4Q-KbPxY8G6oE7aliI_FMFaMVm3V&export=download,https://lh3.googleusercontent.com/d/1GUsK4Q-KbPxY8G6oE7aliI_FMFaMVm3V=w320?authuser=0,155070
planet-pyramid-moon-black.jpg,https://drive.google.com/uc?id=1E9ld7TWXX7V0k6QsBNWAUSujToyT-3te&export=download,https://lh3.googleusercontent.com/d/1E9ld7TWXX7V0k6QsBNWAUSujToyT-3te=w320?authuser=0,287732
surf.jpg,https://drive.google.com/uc?id=109eHBgyZC6HHIOYORWjJLRMMS5eVdCpH&export=download,https://lh3.googleusercontent.com/d/109eHBgyZC6HHIOYORWjJLRMMS5eVdCpH=w320?authuser=0,967692